"IDNota";"Titulo";"Nota"
1;"  No existen notas relacionadas";
2;"¿Cómo lograr buñuelos perfectos?";"Para freir buñuelos, el aceite deberá ser abundante y no estar demasiado caliente. Esto facilita que se hagan bien en su interior y que aumenten su volumen."
3;"¿Cómo evitar que las comidas fritas tengan ""gusto a aceite""?";"Para que las frituras no queden con gusto a aceite se le puede añadir a éste una corteza de limón o de pan embebida en vinagre y luego freirlo unos minutos. También puede utilizarse un trozo de papa cruda."
4;"¿Qué hacer con el azúcar que se ha endurecido?";"Para recuperar el azúcar que se ha aterronado se recomienda ponerlo en una servilleta y presionarlo varias veces con una botella."
5;"¿Cómo se logra el punto nieve?";"Para conseguir un buen punto nieve las claras deben ser muy frescas y haber estado un buen rato en la heladera. También es fundamental que el batidor y el recipiente estén limpios y bien secos."
6;"¿Cómo hacer para desmoldar fácilmente un flan?";"Lo más práctico es pasar un cuchillo fino alrededor del molde para dejar entrar un poco de aire. De esta manera, podrá desmoldarlo con éxito."
7;"¿A que temperatura debe estar el aceite para freír alimentos crudos?";"Cuando se fríen alimentos crudos el aceite debe estar a temperatura moderada, para que se cocinen y doren al mismo tiempo."
8;"¿Cómo evitar que el aceite se queme?";"Para hacer frituras durante un tiempo prolongado y sin que se queme el aceite, colóquele a éste un gajo de cebolla con su piel, o media cáscara de huevo. El mismo efecto se logra si se le añade una cuchara de alcohol fino."
9;"¿Cómo se tiernizan las carnes rojas?";"Las carnes duras se tiernizan dejándolas durante dos horas sumergidas en leche."
10;"¿El carpaccio se hace con carne cruda?";"La carne, para preparar el carpaccio, no se cuece, pero el limón de la vinagreta la cocina."
11;"¿Existe alguna diferencia entre el aceite de oliva y el de oliva virgen?";"El aceite de oliva virgen tiene un sabor más acentuado que el de oliva"
12;"¿ Es saludable consumir avena?";"La ingestión de avena es beneficiosa para reducir el nivel de colesterol en sangre, ya que tiene mucha fibra."
13;"¿Cómo se airea la harina?";"Las tortas y bollos resultan más esponjosos cuando se usa harina aireada. Para ello, cierna la harina pasándola por un tamiz o colador grande. Recuerde medirla después y no antes de tamizarla."
14;"Secretitos para hacer pastas caseras";"La harina 0000 permite conservarlas crudas sin que se formen puntos negros.
La masa resulta más tierna y fácil de estirar cuando se sustituye parte del huevo por agua y un poco de aceite.
Es conveniente hacer la masa sin sal, pues incrementa el tiempo de oreado.
Los ingredientes, por porción, son: 100 a 125 g. de harina, 1 huevo, 1/2 cucharada de aceite, 1/2 cucharada de agua.
Una masa con 5 huevos requiere que se la trabaje, manualmente, fuerte y vigorosamente unos 10 min. como mínimo.
Cuando se amasa en procesadora, no debe formar una bola, pues significaría exceso de líquido.
Previo a estirarla, manualmente, debe haber descansado unos 15 min. y hay que dejarla orear antes de cortar."
15;"¿En qué recipiente se bate mejor la crema?";"Nunca deben usarse recipientes de aluminio para batir cremas, de la clase que sean, porque toman sabor metálico. Lo recomendable es hacerlo en recipientes de plástico o enlozados."
16;"¿Qué es el mirin?";"El mirin, vino de arroz japonés, tiene escaso contenido alcohólico, es un ingrediente esencial en la cocina japonesa y se conserva indefinidamente."
17;"¿Para que sirve el alga nori?";"El alga nori se utiliza en la cocina japonesa para hacer los distintos tipos de sushi. Se expende en paquetes y su aspecto es de hojas rectangulares de papel celofán verde parduzco. Es aconsejable tostarla ligeramente antes de utilizarla."
18;"¿Cómo se puede conservar por más tiempo el jengibre fresco?";"El jengibre fresco se conserva por más tiempo si se congela y en el momento de utilizarlo se ralla, sin descongelarlo."
19;"¿Cómo se limpia el tsudare?";"es muy importante mantener limpio el tsudare, para hacerrlo hay que pasar un trapo húmedo después de utilizarlo."
20;"¿Qué es el wasabi y cómo se utiliza?";"El wasabi es un rábano verde, picante, originario de Japón, se utiliza principalmente como condimento del sushi, se caracteriza por ser muy picante, pero este efecto se percibe en las vías respiratorias, no en la boca. Se vende seco, en polvo y antes de utlizarlo hay que hidratarlo."
21;"¿Con qué se puede espesar guisos y sopas?";"Utilice manteca amasada para espesar guisos, cremas y sopas. Para eso, ponga igual cantidad de harina y manteca blanda en un plato hasta formar una pasta sin grumos. Luego agregue trozos de esta manteca a la preparación y bata con un batidor manual hasta lograr que se espese."
22;"¿Cuál es el método más práctico para pelar frutas secas?";"La técnica es muy simple: si quiere pelar almendras o nueces, sumérjalas primero en una olla con agua hirviendo y continúe el hervor hasta notar que la piel se desprende de los granos. Luego enfríelos y termine de retirar su piel."
23;"¿Cómo se pueden tostar almendras?";"Las almendras sin piel se pueden tostar en el microondas a potencia máxima durante 1 1/2 min."
24;"¿Cómo reemplazar la harina leudante?";"La harina leudante se reemplaza con 2 cucharaditas de polvo de hornear por cada 225 g. de harina común."
25;"¿Qué semillas son las más apropiadas para decorar panes?";"Las semillas de amapola, girasol, calabaza, hinojo y lino son las más usadas para la terminación de panes. Para esta decoración, pincele primero los panes con aceite o leche y espolvoréele luego las semillas por encima."
26;"¿Es posible recuperar la frescura del pan?";"El pan recupera la terneza si se pinta con agua y se cocina unos minutos, en horno precalentado, a temperatura elevada."
27;"¿Cuál es el secreto de una masa fina y maleable?";"La clave para obtener una masa de pizza fina y fácil de trabajar reside en ponerle un chorrito de cognac o grappa durante su preparación."
28;"¿Cómo se obtiene en casa el efecto ""a la piedra""?";"Si desea que la pizza aparente ser ""a la piedra"", estire la masa bien fina y colóquela sobre una pizzera enharinada. Luego llévela al horno bien caliente."
29;"¿Cómo se obtienen panes más esponjosos?";"A partir de la desgasificación de la masa. Cuando esto se logra después del primer leudado, los panes resultan más esponjosos y de mejor corteza."
30;"¿Cuándo ha levado bien la masa?";"Para saber si la masa con levadura ha alcanzado el punto justo de leudado coloque una bolita de masa dentro de un vaso con agua. Si la bolita sube a la superficie es señal de que ha alcanzado el nivel deseado."
31;"¿Cómo se logra la temperatura ideal del agua para la levadura?";"La temperatura de agua ideal para la levadura se logra mezclando igual cantidad de agua hirviendo y fría."
32;"¿Cuál es el secreto de la auténtica masa de pizza napolitana?";"En Nápoles utilizan harina 00, que tiene alto contenido de gluten, y el resultado es una masa consistente, pero liviana y tierna, se puede reemplazae con harina común sin blanquear."
33;"¿Cómo se pelan fácilmente los tomates?";"Lo más práctico para pelar tomates es hacerles una incisión en forma de cruz en la base y pasarlos ligeramente por agua hirviendo, teniendo cuidado de no dejarlos demasiado tiempo para que no se cocinen. Ponerlos luego en otro recipiente con agua helada y escurrirlos, tirando de las puntas formadas por la incisión de la base. La piel se desprenderá sin dificultad."
34;"¿Cómo hornear pizzas bien sabrosas?";"Para darle a la pizza un toque especial de sabor frote la pizzera con un diente de ajo. Antes de untarla con aceite, recuerde calentar la pizzera unos minutos en el horno: esto hará que corra mejor y se esparza completamente."
35;"¿Qué precaución hay que tomar para recalentar la pizza?";"Para recalentar una pizza del día anterior es aconsejable envolverla antes en papel aluminio y llevarlas unos tres minutos al horno."
36;"¿Qué hay que saber cuando se elabora helados?";"Los helados recién hechos, resultan más sabrosos, si permanecen en el freezer durante 24 hs., antes de consumirse, pues así se fija el sabor."
37;"¿Qué tipo de recipientes son los más apropiados para conservar y moldear helados?";"Los recipientes de metal son los mejores conductores de frío, por lo tanto los más apropiados para conservar y moldear helados."
40;"¿Cómo pelar fácilmente la naranja?";" Es más fácil pelar la naranja si, previamente, se la sumerje unos segundos en agua caliente"
41;"¿Cómo puede guardarse la ralladura de los cítricos?";"Una manera fácil de conservar ralladura de limón o naranja consiste en colocar la radulla de varias frutas en un frasco limpio, alternándola con azúcar y un poco de cognac. Guarde el frasco bien cerrado en la heladera."
42;"¿Pueden incorporarse huevos a la leche caliente?";"No, porque el calor del líquido los cocina. Cuando se hacen cremas o postres y se agregan huevos a la leche, ésta debe estar fría."
43;"¿Cómo evitar la formación de grumos en las yemas con azúcar?";"La clave está en no dejar estacionar el batido de azúcar con yemas mucho tiempo, ya que éste las cocina y facilita la aparición de grumos en la mezcla."
44;"¿Cómo se conservan mejor las yemas?";"Las yemas de huevo crudas se conservan durante más tiempo y no se les seca la superficie si se las guarda en la heladera dentro de un recipiente y se baña la superficie con agua fría."
45;"¿Cómo hornear panes en forma pareja?";"Para que los panes se horneen todos uniformemente divida la masa en trozos de igual peso haciendo primero un rollo y luego cortándolo a la mitad, y así sucesivamente hasta lograr el número de trozos deseado."
46;"¿Cómo recuperar el sabor del café de filtro?";"Para evitar que el café recalentado tenga feo sabor es aconsejable agregarle una gotas de agua helada antes de ponerlo nuevamente al fuego."
47;"¿Para qué formas de cocción es más apropiado el aceite de maíz?";"Este aceite tiene por característica ser ligero, por lo cual es apropiado para frituras y salteados."
48;"¿Cómo se ablanda la manteca?";"Si ha olvidado retirar la manteca de la heladera el tiempo necesario para lograr que se ablande a temperatura ambiente, puede calentarla y batirla con una cuchara de madera en un recipiente de acero inoxidable o enlozado, sin que llegue a derretirse y, menos, a hervir."
49;"¿Qué hay que tener en cuenta cuando hay que rellenar una base de torta esponjosa?";"Para cortar, fácilmente, en capas una base de torta esponjosa se rodea el contorno con hilo de algodón, cerrándolo luego, lentamente, con un nudo hasta que se corte completamente."
50;"¿Cómo hacer para condimentar las ensaladas sin estropear su apecto?";"Para lograr ensaladas atractivas, distribuya en forma decorativa los ingredientes y rocíe encima, uniformemente, el aderezo, sin mezclar."
51;"¿Cómo se hace el aliño para una ensalada?";"Para condimentar las ensaladas se recomienda unir en un recipiente las siguientes proporciones: tres partes de aceite por una de vinagre o aceto, sal y pimienta a gusto. Mezclar bien el aliño resultante con un tenedor y esparcir sobre toda la ensalada, para obtener un sabor parejo."
52;"¿Qué hacer con una lechuga no muy fresca?";"Utilice las hojas de lechugas que no estén tan frescas para elaborar buñuelos, tortillas y omelettes, sin cocción previa."
53;"¿Es posible eliminar el aliento a cebolla?";"El aliento a cebolla se quita mascando perejil, manzana o granos de café."
54;"¿Qué hacer si la salsa tiene grumos?";"Para eliminar los grumos de una salsa, colóquela en un bol y bátala con batidor eléctrico hasta que esté lisa nuevamente. Luego vuelva a ponerla en un recipiente y caliéntela al momento de usar."
55;"¿Cómo deben conservarse los huevos?";"Lo ideal es guardarlos en un lugar fresco, en posición vertical y con el extremo redondo hacia arriba. Esto impide que la yema descanse sobre la bolsa de aire y corra el riesgo de contaminarse."
56;"¿Cómo se hierven correctamente las pastas?";"Para que las pastas no se peguen es fundamental cocerlas en ollas grandes y profundas, en abundante agua hirviendo y con una cuchara sopera de aceite."
57;"¿Cómo pueden aprovecharse los restos de pasta?";"Si le ha sobrado una porción de pastas cocidas, utilícela para enriquecer rellenos, o para hacer croquetas, budines o tortillas."
58;"¿Cómo evitar que los spaguettis se quiebren?";"Para que los spaguettis no se rompan al sacarlos del agua conviene retirarlos con unas tenazas metálicas."
59;"¿Cuál es el secreto para secar y conservar tallarines caseros?";"A los tallarines hechos en casa conviene dejarlos orear en un palo enharinado. Cuando la pasta esté seca por fuera y húmeda por dentro se le puede dar forma de rulos, enrrollándola en el palo de amasar. Para un buen secado hay que esparcir los fideos sobre una placa forrada de papel blando e introducirlos al horno precalentado y apagado. Cuando se hayan enfriado hay que retirarlos y guardarlos envueltos en papel celofán o en frascos herméticos."
60;"¿Cómo lograr un rebozador más sabroso?";"Si se agregan especias o hierbas al pan rallado los alimentos que se rebocen tendrán mejor sabor."
61;"¿Cómo calcular la porción de arroz por persona?";"El arroz, cuando cocido aumenta 3 veces su tamaño, por li cual la porción por persona, es de 60 gr., o sea una taza de café."
62;"¿Cómo se limpia el wok?";"El wok se lava con agua, sin detergente y se seca sobre la hornalla a fuego bajo, durante unos minutos."
63;"¿Qué hacer si se encienden la grasa o la manteca?";"Si por accidente la manteca, la grasa o el aceite se prendieran fuego, apáguelo echando sobre el mismo un tarro de sal. Nunca intente apagar el fuego con agua, porque lo extenderá más y empeorará la situación."
64;"¿Cuál es la mejor forma de conservar la grasa de pella?";"Lo ideal es guardarla en un recipiente opaco, en un anaquel o estante que no esté expuesto a la luz; nunca en la heladera."
65;"¿Cómo se elabora la sal especiada?";"Para hacer sal especiada, ideal para sazonar fiambres, deben mezclarse cinco cucharaditas de sal fina con una de pimienta blanca y una de especias molidas a elección. A la mezcla que se obtiene conviene conservarla en potes bien cerrados y en lugares secos."
66;"¿Cuál es la prueba más certera para saber si los huevos son frescos?";"Para conocer el grado de frescura de los huevos el método más seguro consiste en sumergirlos en un recipiente lleno de agua, colocándolos uno a uno. Los frescos son los que quedan en el fondo; los que suben no lo son y los que flotan menos."
67;"¿Puede evitarse que la manteca tome gusto rancio?";"Sí, la forma más práctica es mezclarla con miel en un tazón, a razón de 60 gramos por kilo de manteca. Así retrasará el proceso de alteración de su composición."
68;"¿Cómo guardar el perejil fresco?";"Separar las hojas y desechar los tallos; lavar y secar con un paño limpio. Luego, en un plato, ponerlo en el freezer y cuando esté congelado desintegrarlo pasándole un palo de amasar. Conservar en un taper en el freezer."
69;"¿Qué hay que saber para hacer mayonesa?";"Si elabora mayonesa casera tenga en cuenta que no se conserva por mucho tiempo. Por eso, prepárela una vez a la semana. Si la hace con yemas solas, utilice la batidora pero si emplea huevos enteros, conviene usar licuadora."
70;"¿Qué hacer si la crema se pone agria?";"Para sacarle el gusto agrio a una crema lo mejor es añadirle una pizca de bicarbonato."
71;"¿Cómo se separan fácilmente las yemas de las claras?";"La manera más fácil es hacerlo con huevos que estén fríos, lo que reduce las posibilidades de que ambas partes se mezclen. Puede hacerlo de dos maneras. Con la mano: casque el huevo sobre un recipiente y póngaselo en la mano reteniendo la yema y dejando caer la clara, que se escurrirá entre los dedos. Con la cáscara: parta la cáscara por la mitad, y pase la yema de un trozo a otro de la cáscara mientras deja caer la clara dentro del bol."
72;"¿Cómo secar adecuadamente las cáscaras de los cítricos?";"El secreto para hacer cáscaras secas de limón, pomelo o naranja y que queden bien perfumadas consiste en pelar la fruta en espiral, formando tiras estrechas, pasarlas por un hilo y colgarlas en un lugar oscuro y seco. Cuatro o cinco días despúes ya estarán listas para ser guardadas en frascos de cierre hermético."
73;"¿Cómo lograr crêpes y panqueques estupendos?";"Muy fácil. Lo mejor para que los panqueques y crêpes queden más tiernos es dejar reposar la masa por lo menos veinte minutos. Esto hace que los ingredientes se asienten y se integren mejor al conjunto."
74;"¿Se puede decorar con pétalos?";"Los pétalos de flores, comestibles, como la rosa, escarchados son perfectos para decorar postres. Para lograr este efecto pinte los pétalos con clara de huevo batida, páselos luego por azúcar molida y deje secar."
75;"¿Cuál es la proporción exacta de sopa por persona?";"Un cuarto de litro es la medida ideal para calcular la cantidad exacta de caldo que se estima por persona cuando se está preparando una sopa. De este modo, se evitarán fallas en las proporciones."
76;"¿Cómo sacarse el olor a pescado de las manos?";"La solución es sencillísima pero eficiente: frótese las manos con limón o sal."
77;"¿Con qué sale el olor a cebolla o ajo de las manos?";"La sal y el jugo de limón son excelentes para eliminan el olor a cebolla o ajo de las manos. Otra forma de lograrlo es lavándose las manos con agua y jabón, y luego con agua mezclada con bicarbonato de sodio."
78;"¿Cuál es la mejor forma de servir vino?";"Las copas de llenan, con vino, hasta las 2/3 partes, así se saborean mejor, pues la capacidad sobrante resguarda el sabor."
79;"¿Cómo evitar el sabor fuerte a agua clorada?";"El sabor fuerte a cloro en el agua casi desaparece si se la deja reposar en un recipiente por lo menos 8 hs., antes de consumirla."
80;"¿Cómo obtener un arroz con leche perfecto?";"Para que al arroz con leche se le hinchen más los granos conviene incorporarle el azúcar al terminar la cocción."
81;"¿Cómo se distingue la frescura de los hongos?";"Los hongos son frescos si no están descoloridos, arrugados, manchados o pegajosos, ni el sombrero lastimado o el pie seco."
82;"¿Cómo suavizar el sabor de las cebollas?";"Si quiere que las cebollas no resulten fuertes, póngalas media hora en agua fría antes de usarlas. Esto las hará más suaves al paladar."
83;"¿Cómo elegir paltas bien frescas?";"Las mejores paltas son pequeñas, firmes y pesadas. Están a punto cuando al presionarlas con los dedos, éstas se hunden levemente."
84;"¿La espinaca se puede consumir cruda?";"Las hojas de espinacas pequeñas son excelentes, crudas, en ensaladas."
85;"¿Qué hacer cuando el jamón crudo es demasiado salado?";"Cuando el jamón crudo es muy salado se atenúa el sabor sumergiéndolo en leche unos 5 min."
86;"¿Cómo impedir que el frío de la heladera ""queme"" el apio?";"La mejor manera de conservar la planta de apio en la heladera es colocar sus hojas en un vaso con agua y el resto de la planta dentro de una bolsa de polietileno perforada y rociada en su interior con agua. Luego de este paso, ciérrela bien."
87;"¿Cómo hacer para que el coliflor no pierda color?";"Para impedir la decoloración del coliflor, que se produce cuando se lo corta y expone al aire, colóquelo en un bol con agua fría y una cucharada de jugo de limón o vinagre de vino blanco. Esta es la mejor forma de conservar perfecto el color de cualquier hortaliza blanca."
88;"¿Cómo se puede evitar que el repollo crudo resulta indigesto?";"El repollo crudo no resulta indigesto si, antes de utilizarlo, se deja reposar, ya cortado, en un recipiente, que no debe ser metálico con abundante sal gruesa, durante unos 15 min., luego se lo enjuaga."
89;"¿Cuál es el vino más apropiado para acompañar quesos?";"El vino de buena calidad, con cuerpo es el más apropiado para acompañar quesos."
90;"¿Cómo se enfria el vino blanco?";"Los vinos blancos, antes de servir, se refrigeran durante 2 hs. como máximo o se introducen en un balde con hielo 30 min."
91;"¿Cómo evitar que las papas hervidas con cáscara se ennegrezcan?";"Las papas hervidas sin pelar no se oscurecen si se les echa al agua de su cocción una cucharada de vinagre de alcohol o de vino blanco."
92;"¿Cómo lograr papas al horno más tentadoras?";"Las papas al horno quedarán más doradas y crocantes si las cocina en una placa aceitada y precalentada. Una vez cocidas, déjelas en la placa durante cinco minutos. Luego podrá desprenderlas con facilidad, sin que la cubierta crocante quede pegada a la asadera."
93;"¿Cómo se logra una ""crema agria/ácida""?";"Si necesita utilizar crema agria en alguna receta, sólo debe agregar dos cucharaditas de jugo de limón a 200 gramos de crema de leche natural."
94;"¿Cómo se elimina el olor fuerte de los riñones?";"Para quitar el olor fuerte a los riñones hay que abrirlos por la mitad y dejarlos reposar en sal gruesa o vinagre 15 min., luego enjuagarlos con abundante agua y secarlos."
95;"¿Cómo lograr cebollas rehogadas más gustosas?";"Para que las cebollas tengan mejor sabor, rehóguelas en manteca y unas gotas de vermut. Quedarán mucho más sabrosas."
96;"¿Cómo impedir que la cebolla nos haga llorar?";"Para que la cebolla no lo haga llorar, coloque un trozo de pan en la punta del cuchillo que utilizará para cortarla. El pan absorberá la sustancia que irrita los ojos. Cuando deba picarla, hágalo con la boca llena de agua. Trate también de utilizar cebollas maduras y no las que estén muy verdes porque contienen más jugo, que saldrá al cortarlas."
98;"¿Cómo evitar que se quiebre un recipiente de vidrio?";"Cuando se va a colocar alimentos calientes en un recipiente de vidrio, para que no se quiebre hay que introducir previamente una cuchara de metal."
99;"¿Cómo guardar el perejil como especia?";"Separar las hojas y desechar los tallos del perejil, lavar y secar con un paño limpio y dejar en el horno, en una asadera o placa, a temperatura muy baja, cuidando que no se queme. Una vez seco, pulverícelo con sus manos y guárdelo en un frasco herméticamente cerrado para usar como condimento."
100;"¿Cómo puede conservarse la cebolla picada?";"La cebolla rallada o picada debe guardarse en un frasco hermético en la heladera, pero tenga en cuenta que sólo se conserva bien durante cuatro o cinco días."
101;"¿Cómo se pela fácilmente el ajo?";"Para pelar el ajo sin dificultad es aconsejable dejarlo en agua caliente un par de horas o aplastarlo sobre una superficie dura."
102;"¿Cómo pueden evitarse los efectos de la fermentación de las legumbres?";"Para prevenir los efectos de la fermentación las legumbres éstas deben cocinarse sin haber sido previamente remojadas en agua. Conviene, por lo tanto, agregarles agua, caliente, durante la cocción, a medida que el líquido se va absorbiendo."
103;"¿Se debe desechar el agua de cocción de legumbres?";"No. Aproveche el agua de cocción de las legumbres para preparar caldos, sopas y cremas, pues es muy nutritiva."
104;"¿Qué hacer para lograr el mejor caldo de pollo?";"Para hacer un caldo de pollo bien sabroso conviene aprovechar todas sus partes. Las patas, la cabeza, el cogote, los menudos y la piel del pollo son ideales para acentuar el sabor final de la preparación."
105;"¿Cómo conservar mejor la carne de pollo?";"Cuando se compra pollo en el supermercado hay que quitarle enseguida el envoltorio y envolverlo en papel aluminio, para conservarlo en mejor estado."
106;"¿Qué hay que saber a la hora de cocinar platos con mejillones?";"Es importante descartar los mejillones que no se abrieron durante la cocción, porque pueden estar en mal estado."
107;"¿Cómo se derrite el chocolate?";"Al chocolate cobertura nunca hay que agregarle agua para derretirlo. Conviene rallarlo, para facilitar el proceso, y ponerlo en un recipiente a baño maría."
108;"¿Cómo impedir que la fruta cortada se ennegrezca?";"Para que las manzanas y bananas no se ennegrezcan después de pelarlas, rocíelas con jugo de limón."
109;"¿Qué precaución hay que tener cuando se hace el proceso de ahumar alimentos en el horno?";"Cuando el proceso de ahumado se hace en el horno hay que encender el extractor de aire o ventilar muy bien, ya que a pesar de estar el horno cerrado igual despide mucho humo."
111;"¿Cómo facilitar el batido de claras a punto nieve?";"Para facilitar el batido se añade, a las claras, una pizca de sal, pues afloja las proteínas y las hace más espumosas."
112;"¿Hay que tener alguna precaución cuando se adquiere café?";"El café pierde muy rápidamente su aroma y sabor, sobre todo si está molido, por lo cual conviene comprarlo en pequeñas cantidades y envasado al vacío."
113;"¿Porqué es necesario poner la masa para medialunas y facturas de manteca en el frío?";"Cuando se trabaja este tipo de masa es necesario ponerla en la heladera o el frezeer, para que la masa no se leve durante el proceso de elaboración y para que tenga consistencia y no se nos ponga babosa, pues si esto sucede es muy difícil trabajarla. También el frío ayuda a que entre vuelta y vuelta las capas de masa y empaste que se van formando no se unan, si la manteca del empaste se derrite mucho, se va a unir con la masa, y esto puede perjudicarlas."
114;"¿Cómo amasar sin ensuciarse ni pegotearse las manos?";"Para amasar, manteniendo las manos limpias, hay que colocar la masa dentro de una bolsa de plástico, previo a comenzar a trabarjarla."
115;"¿Por qué en las recetas se indica un tiempo de descanso de la masa?";"El tiempo de descanso tiene por objeto que la masa adquiera elasticidad."
116;"¿Cómo sustituir el azúcar impalpable?";"Si no se tiene azúcar impalpable es posible reemplazarlo colocando una taza de azúcar común en la licuadora y procesarlo por unos segundos o minutos, según la potencia de la máquina. Para evitar que este azúcar se humedezca se recomienda guardarlo en un frasco cerrado."
117;"¿Cómo lograr que la cáscara del huevo no se rompa durante la cocción?";"Para que la cáscara no se cuartee durante la cocción, el huevo debe estar la temperatura ambiente."
118;"¿Se pueden conservar los champiñones?";"Los champiñones se deben consumir bien frescos, pero en la heladera se conservan hasta 4 días."
119;"¿Es posible suavizar el sabor del ajo?";"Una forma de suavizar el sabor del ajo es que envolverlo en papel absorbente, luego golpearlo y apretarlo."
120;"¿Cómo se puede mejorar el aspecto de las pasas de uva?";"Las pasas de uva mejoran su presentación si se las hidrata en una sustancia líquida durante 10 min."
122;"¿Puede aprovecharse el agua donde se hirvieron papas?";"Por supuesto. Puede utilizar un poco de esa agua de cocción para hacer puré, agregándole leche en polvo y manteca."
123;"¿Cómo se pueden tiernizar los bifes?";"Para que los bifes se vuelvan más tiernos conviene golpear su superficie con la ayuda de un palo de amasar o una masa de cocina. Los golpeteos ayudan a romper los tejidos conectivos de la carne y, por lo tanto, a quitarles rigidez."
124;"¿Cómo aprovechar al máximo el apio?";"Para un mejor aprovechamiento de la planta de apio, siga estos consejos: emplee las hojas en un caldo, las pencas en las comidas y su corazón en salsas y entradas frías."
125;"¿Hay que condimentar los alimentos que van al microondas?";"Sí. Para lograr platos sabrosos es imprescindible condimentar muy bien los ingredientes. Recuerde que como se acortan los tiempos de cocción, los alimentos poco condimentados tienen menos posibilidad de absorber las especias que haya elegido para realzar su sabor."
126;"¿Pueden aprovecharse las cáscaras de papa?";"Claro. Las cáscaras de papas orgánicas pueden utilizarse para preparar tortillas y omelettes, bien lavadas, cortadas en juliana y rociadas con jugo de limón. Use para ello cien gramos de cáscaras y rehóguelas junto a una cebolla picada en aceite. Luego agrégueles tres huevos batidos, condimentos y cocine la mezcla como cualquier otra tortilla."
127;"¿Cómo hornear las manzanas sin que se rompan?";"Para que las manzanas al horno no se rompan al cocerlas conviene hacerles un corte superficial en la cáscara o untarlas con aceite."
128;"¿Cuánto tiempo demora la cocción del cerdo?";"No se puede dar una respuesta exacta, porque depende de cada corte, pero recuerde que la carne de cerdo necesita un tiempo más prolongado que otras carnes para cocinarse. Siga de cerca la cocción, entonces, para evitar esperas innecesarias."
129;"¿Es necesario descongelar la carne someterla a cocción?";"Los bifes, las hamburguesas y las milanesas no necesitan descongelarse para cocinarlas."
130;"¿Qué precauciones hay que tomar con la carne picada?";"La carne picada debe consumirse rápidamente (no más de dos o tres días después de haber sido comprada), porque se descompone con facilidad y su ingesta en ese estado resulta peligrosa."
131;"¿Cuáles son los mejores cortes de carne porcina?";"La carne de cerdo más tierna es la del lomo, o espalda, de donde se extraen diferentes cortes."
132;"¿Cómo lograr que el arroz no cambie de color en su cocción?";"Si quiere que el arroz quede bien blanco agréguele al agua de su cocción una cucharada de vinagre de alcohol."
134;"¿Es posible hacer aceite picante en casa?";"Sí, para fabricar aceite picante casero hay que colocar en una botella de aceite un ají seco o fresco (pinchado con un escarbadientes) y dejar reposar un mes antes de utilizarlo."
135;"¿Cómo pueden aprovecharse los restos de pan?";"Si sobra pan, lo usual es convertirlo en pan rallado. Para eso conviene secar los restos en el horno y procesarlos de una taza a la vez, descortezándolos previamente. También se lo puede tostar y cortar luego en pequeños cubitos. En este caso, guárdelos en un frasco y empléelos como guarnición de sopas crema o ensaladas, rehogándolos previamente en aceite."
136;"¿Cuál es la forma más segura para condimentar un plato con chile?";"Para evitar un excesivo sabor picante es conveniente saltear en dos cucharadas de aceite mezcla un chile."
137;"¿Qué precauciones hay que tener cuando se utiliza jengibre fresco?";"Antes de rallar o picar o cortar el jengibre fresco, es necesario pelarlo y retirarle las fibras."
138;"¿Qué cantidad de pasta cruda se debe calcular por persona?";"Por persona se debe calcular de 50 a 60 gr. de pasta cruda."
139;"¿Qué cantidad de líquido se requiere para cocer la pasta?";"Para cocer la pasta de debe calcular 1 litro de líquido cada 100 g. de pasta."
140;"¿Qué hacer para que las empanadas no pierdan su relleno en el horno?";"Para evitar que las empanadas al horno se abran durante la cocción y derramen su relleno se recomienda pinchar uno de sus extremos con un tenedor o escarbadiente, antes de ponerlas a cocinar. Con esto se logra sacarles el aire del interior."
141;"¿Las hierbas frescas y las secas se diferencian en la utilización?";"Las hierbas frescas se utilizan en ensaladas y salsas, las secas son más apropiadas platos que requieren tiempos de cocción prolongados."
142;"¿Cómo picar más facilmente el perejil?";"Para picar el perejil con facilidad mójelo, previamente, con agua caliente."
143;"¿Dónde deben cocinarse los dulces?";"Lo recomendable es hacerlo en una cazuela de barro o enlozada, destapada. Cuando corresponda revolver, hacerlo con cuchara de madera."
145;"¿Cómo retirar la piel a la raíz de jengibre?";"El forma más fácil de pelar la raíz de jengibre es rasparla con el canto de una cuchara."
146;"¿Hay que pinchar la carne durante la cocción?";"Durante la cocción nunca debe pincharse la carne, para evitar la pérdida de jugos."
147;"¿Cómo puede aprovecharse todo el puerro?";"Cuando la receta solamente requiere la parte blanca o tierna del puerro, no deseche el resto pues la parte verde es perfecta para darle sabor a un caldo de verduras. Blanqueada, esta parte sirve también como ""lazo"" para cerrar panqueques o paquetitos de verdura."
148;"¿Qué hacer para que el aceite no salpique?";"Si no quiere que el aceite de la fritura salpique, coloque en la sartén u olla un poquito de sal."
149;"¿Es posible hornear pollo sin ensuciar el horno?";"Para no ensuciar el horno conviene cocer el pollo en una bolsa especial."
150;"¿Qué hay que tener en cuenta cuando va a asar carne?";"La carne para asar tiene que estar a temperatura ambiente."
151;"¿Cómo lograr carnes a la parrilla o plancha más sabrosas?";"La carne a la parilla o plancha tiene mejor sabor si se condimenta al finalizar la cocción."
152;"¿A que temperatura debe estar la cerveza, cuando se utiliza como ingrediente?";"La cerveza que se va a utilizar como ingrediente debe estar a temperatura ambiente."
153;"¿Qué hacer para que el caramelo del flan no se cristalice?";"Hay que echarle unas gotas de limón."
154;"¿Qué hacer cuando el chocolate cambia de color?";"Cuando el chocolate o los bombones tienen manchas blancuzcas en su superficie significa que han sido expuestos al calor excesivo. En ese caso, se los debe descartar por no ser aptos para su consumo."
156;"¿Cómo lograr aves crocantes y doradas?";"Para cocinar un ave entera es imprescindible lavarla y secarla muy bien antes de ponerla a cocer, ya que si le queda humedad no resultará crocante ni alcanzará a dorarse bien."
157;"¿Cómo se cocinan correctamente las presas de ave?";"Para cocinar presas de ave se debe precalentar la bandeja doradora ocho minutos a potencia máxima y luego distribuir las presas rodeando los bordes, con la parte más fina hacia el centro de la bandeja, para que la cocción resulte pareja."
158;"¿Cómo impedir que se seque la carne de ave?";"Para que durante la cocción la carne no se seque ni se salpique el interior delmicroondas conviene cubrir el ave o sus presas con papel manteca."
159;"¿Qué hacer para que las mermeladas no se cristalicen?";"Agregarles un poco de jugo de limón es el secreto ideal."
160;"¿Cómo flambear platos?";"Para flambear tortillas, panqueques o postres, caliente media taza tamaño té de cognac durante 30 segundos a nivel máximo. Luego retire, encienda y flambee."
161;"¿Qué hay que saber para conservar los duraznos frescos?";"El secreto para mantenerlos en buen estado es no lavarlos ni cepillarlos hasta el momento mismo de consumirlos. Tampoco es recomendable exponerlos a temperaturas elevadas. Guárdelos siempre en la heladera, dentro de un recipiente con tapa."
162;"¿Cómo hacer una compota ligth?";"Si quiere convertir una compota en un postre dietético, reemplace el azúcar por sacarina o edulcorante, pero recuerde endulzar una vez que la fruta se haya cocido."
163;"¿Cómo se limpian las pasas de uva?";"Para utilizar adecuadamente las pasas de uva es necesario enjuagarlas bien antes, quitarles el cabito y separar las semillas"
164;"¿En qué momento es conveniente agregar las especias, condimentos o hierbas?";"Las especias, los condimentos y las hierbas aromáticas conviene agregarlas al final de la cocción para preservar el aroma."
165;"¿Cómo se cocinan los alimentos con mucha agua?";"Recuerde que el agua atrae las microondas, por lo cual los alimentos acuosos o muy húmedos deben cocinarse sin añadir líquido. De lo contrario, hervirán."
166;"¿Puede hacerse cualquier receta en el microondas?";"Cualquier receta que implique alguno de los métodos tradicionales de cocción sale exacta si se siguen todos sus pasos, pero se adaptan, acortándolos, los tiempos de cocción."
167;"¿Qué especias llevan los ramitos aromáticos?";"Un ramito compuesto contiene generalmente laurel, orégano, perejil, tomillo, romero, apio y salvia."
168;"¿Se puede aromatizar el aceite?";"Sí, pero tenga en cuenta que para aromatizar el aceite que va a ser usado en frituras dulces o eliminar el sabor fuerte de un aceite no muy refinado, hay que freír previamente en éste una cáscara de limón o naranja."
169;"¿Qué hay que hacer para que las frutillas queden siempre firmes?";"Para que las frutillas no queden acuosas y mantengan su firmeza original es importante enjuagarlas rápidamente con el rabito y sólo quitarlo después de este paso."
170;"¿En que se diferencia la lima del limón?";"La lima contiene menos vitamina C que el limón y es excelente para acentúar el sabor de platos de pollo, porotos o judías y sopas de verduras."
171;"¿Se puede reemplazar la crema de leche?";"Para disminuir la ingestión de calorías la crema de leche se puede reemplazarpor queso crema, yoghourt o ricotta."
172;"¿Cómo hacer para que una salsa con vino no quede ácida?";"Si utiliza vino en las salsas es recomendable dejarlas hervir unos minutos, para que el alcohol se evapore y queden con un suave sabor frutado. De lo contrario resultarán ácidas."
173;"¿Cómo puede aumentarse el rendimiento de un huevo?";"Si el huevo es chico o insuficiente para la preparación que está elaborando, hágalo rendir más con sólo añadirle un poco de leche."
174;"¿Cómo impedir que el huevo duro se reseque?";"Para que las rodajas de huevo duro no se resequen es conveniente rociarlas con unas gotas de aceite, cubrirlas con papel celofán o polietileno bien adherido a los bordes y llevarlas a la heladera hasta el momento de servir."
175;"¿Qué precauciones tomar antes de usar conservas de pescado?";"Algunas conservas, como las de sardinas, atún y filetes de bonito, deben ser escurridas antes de su utilización. Para consumirlas sin problemas hay que descartar primero los restos de escamas y retirarles la espina dorsal."
176;"¿Qué hacer cuando se pega el caramelo a la olla?";"Lo mejor para quitar el caramelo a una olla o molde es ponerle un poco de agua y dejarla hervir."
177;"¿Cuál es el tiempo de cocción de la pasta fresca?";"El tiempo de cocción de la pasta fresca, una vez que se echa en agua hirviendo, es de 1-3 min., desde el líquido hierve nuevamente."
178;"¿Cuál es la forma apropiada para conservar el queso rallado?";"La mejor forma de conservar el queso rallado es guardarlo, dentro de una bolsita de polietileno, en la heladera."
179;"¿Cómo se logra el gusto del ""pan de campo""?";"Si desea cocinar un sabroso pan de campo, pincélelo con aceite de oliva antes y durante el horneado."
180;"¿Qué importancia tiene el agua que usamos para hacer pan?";"Muchísima. La ideal es la de lluvia, pero si usa la corriente controle que no tenga mucho cloro. Si es así, conviene usar agua mineral."
181;"¿Con qué se puede reemplazar la crema chantilly?";"Es posible obtener un excelente sustituto de la crema chantilly cortando en rodajas una banana madura y agregándole una clara y tres gotas de jugo de limón. Es muy importante batir enérgicamente esta preparación antes de usar."
182;"¿Cómo sustituir el chocolate amargo?";"El chocolate amargo se puede sustituir por 3 cucharadas de cacao, también amargo, mezclado con 1 1/2 cucharada de manteca derretida, esta pasta equivale a 30 g. de chocolate en barra."
183;"¿Cómo se reemplaza la albahaca fresca?";"Cuatro cucharaditas de albahaca seca molida equivalen a una cucharadita de la misma hierba fresca, picada."
184;"¿Es posible aumentar el volumen de la manteca/mantequilla o margarina?";"Es posible duplicar la cantidad de manteca/mantequilla o margarina para hacerlo hay que batirlas y simultáneamente ir incorporando leche, de a poco, hasta tener una mezcla homogénea."
185;"¿Cómo se calienta el pescado ya frito?";"Lo ideal para calentar pescado frito es ponerlo sobre un trozo de papel encerado, enrollando los bordes para que quede bien cerrado y colocarlo al horno, a la parrilla o en el microondas. Calentado de esta forma conserva todo su sabor."
186;"¿Cómo se conservan los pescados fritos?";"La clave de conservarlos perfectos es cubrirlos totalmente con aceite."
187;"¿Cómo deben lucir las anchoas para saber si están en buen estado?";"Sean en salmuera o en aceite, las anchoas en conserva deben tener un color rosado uniforme. Esto indica que pueden consumirse sin problemas. Si lucen un tono amarillento es porque están rancias y conviene desecharlas."
188;"¿Cómo hacer para que no se quemen los palitos de madera para brochettes?";"Si los palitos para brochettes son de madera le sugerimos que los coloque durante una media hora dentro de un recipiente con agua, de esta forma no se quemará la madera durante la cocción."
189;"¿Cómo evitar que los trozos de carne no se peguen a la broceta?";"Para que la carne no se pegue, aceite ligeramente la brocheta antes de ensartarla."
190;"¿Con qué especias se condimenta el cordero?";"El cordero se lleva bien con varias especias, pero sobre todo con el romero, el tomillo y la mejorana, que deben usarse preferentemente frescas. También con el ajo y el aceite de oliva."
191;"¿Qué hay que saber para cocinar un cordero?";"La carne de cordero se cocina más rápido que la carne vacuna. Se aconseja servirla bien caliente o fría, ya que tibia no es agradable al paladar."
192;"¿Cómo se conservan mejor las berenjenas?";"La tradición popular de la zona central de la Argentina encontró una forma original de conservar las berenjenas, haciendo chichoca o charque, dado que no es conveniente congelar estas verduras. La técnica consiste en cortar las berenjenas en rebanadas y agregarles mucha sal gruesa por ambos lados. Luego hay que ponerlas al sol, extendidas hasta que se sequen. Antes de utilizarlas en guisos y estofados conviene siempre remojarlas."
193;"¿Cómo se pelan los morrones?";"Para pelar morrones o pimientos rojos es aconsejable darles un rápido hervor y desprender enseguida la piel con las manos. Verá que fácil resulta hacerlo."
194;"¿Cómo se conservan los chiles?";"Para conservarlos durante un año se deben secar, triturar y guardar en un recipiente hermético en un lugar oscuro, seco y fresco."
195;"¿Cómo impedir que los langostinos se arqueen y doblen?";"Para mantener los langostinos rectos, introdúzcales un palillo antes de cocinarlos, en su centro. Esto evita que se curven durante la cocción. Recuerde retirar el sostén antes de llevarlos a la mesa."
196;"¿Cómo se calcula la cantidad de cebolla deshidratada que lleva una comida?";"Al momento de usar cebolla deshidratada en la preparación de un plato recuerde que una cucharada de las escamas resecadas es igual a media cebolla cruda."
198;"¿Cómo hacer huevos duros?";"El huevo cuece en agua fría, dejándolo no más de 12 min. desde que alcanza el punto de ebullición, pues sino la yema se torna verdosa."
199;"¿Cómo lograr que las especias molidas conserven más tiempo su aroma?";"Las especias molidas conservan su aroma por más tiempo si se las guarda en el freezer o congelador."
200;"¿Cuál es el secreto para lograr un buen cóctel?";"Hay que utilizar marcas de calidad y ser muy riguroso en la exactitud de las medidas."
201;"¿Cómo se utiliza el azúcar en la preparación de tragos?";"El azúcar debe disolverse en un poco de agua, antes de utilizarla en la preparación, pues no es soluble en alcohol."
202;"¿La cerveza reemplaza la levadura?";"La cerveza un perfecto sustituto de la levadura en buñuelos y crêpes."
204;"¿Los alimentos cocidos en microondas pueden consumirse inmediatamente?";"No. Es necesario esperar unos minutos, porque aún después de ser retirados del microondas, los alimentos siguen cocinándose durante un tiempo, por conducción del calor. Recuerde que a mayor tiempo de cocción, mayor debe ser el tiempo de reposo. Las carnes, por ejemplo, requieren entre diez y quince minutos de ""descanso""."
205;"¿Qué vajilla debe usarse para cocinar en micorondas?";"Lo ideal son los recipientes de vidrio, porcelana, cerámica, papel y algunos plásticos, pues no rechazan las microondas. Nunca utilice vajilla de melanina o barro, ni con precintos metálicos o decoraciones en pintura metálica. Verifique, además, que los recipientes de plástico o las bolsas sean termoresistentes y aptas para este tipo de cocción. De lo contrario, impedirán que las microondas pasen y su rebote puede producir chispas o demorar gratuitamente el tiempo de cocción."
206;"¿Cómo se conservan mejor las galletitas?";"Cuando conserve galletas y bizcochos de diferentes clases no conviene guardarlos en la misma lata, porque esto hace que se deterioren con mayor rapidez."
207;"¿Cómo cocinar bien las omelettes?";"Para que la tortilla u omelette se cocine parejo espere a que los bordes hayan cuajado un poco y recién entonces despéguela con la ayuda de una espátula de madera. Esto permitirá que cuaje el resto de la tortilla."
208;"¿Cuál es la mejor forma para picar hongos/setas?";"Para picar o trocear fácilmente hongos/setas es necesario utilizar dos cuchillos, de igual tamaño, sujetando ambos mangos, juntos, con una mano y las puntas de las hojas con la otra."
209;"¿Hay que lavar las lentejas secas?";"Las lentejas se deben lavar en abundante agua fría y hay que desechar las que flotan, pues están pasadas."
210;"¿Cómo aprovechar el arroz muy cocido?";"Si el arroz hervido se ha pasado ligeramente añádale unos gotas de limón y revuélvalo suavemente para que vuelva a quedar suelto."
212;"¿Cómo se decora con mejillones y langostinos?";"Para decorar los mejillones deben quedar con una sola valva y los langostinos con cabeza y cola."
213;"¿Cómo se hace la pasta de ajo?";"Para obtener pasta la pasta es necesario asar u hornear la cabeza entera, con piel, hasta que esté bien dorada, y luego se pisa."
214;"¿Qué hay que tener en cuenta cuando se preparan camarones/camarón o langostinos ya cocidos?";"Cuando se utilizan camarones ya cocidos no es aconsejable someterlos nuevamente a cocción junto con los otros ingredientes, pues se tornan duros, basta con remojarlos en caldo de verduras y añadirlos a final."
215;"¿Qué hay que saber cuando se utiliza pescado congelado?";"El pescado congelado no requiere ser lavado ni salado."
216;"¿Cómo se retiran con facilidad las espinas de un pescado?";"Las espinas de pescado se pueden retirar con facilidad si previamente se lo introduce en agua hirviendo."
217;"¿Qué hay que tener en cuenta cuando se va a flambear?";"Para flambear la preparación debe estar muy caliente, sin humedad y el recipiente bien seco, sólo con grasa y jugo de cocción."
218;"¿Cómo pueden hacerse refrescos caseros?";"Para hacer en casa unos buenos refrescos utilice las cáscaras de cítricos que no hayan recibido pesticidas. Hiérvalas con 300 gramos de azúcar y un litro de agua durante media hora. Retire del fuego, deje enfriar, cuele y añada otro litro de agua o soda, pero esta vez bien fría. Reserve en la heladera hasta el momento de su consumo."
219;"¿Qué precauciones hay que tomar al hacer merengue?";"Antes de batir el merengue, asegúrese de que las paletas batidoras estén bien limpias y secas, sin restos de yema o materias grasas."
220;"¿Cómo lograr un merengue bien alto?";"Para que el merengue levante más durante su cocción, conviene ponerlo antes, crudo, en la heladera. Un buen rato en el frío impedirá que se achate o pierda volumen."
221;"¿Cuál es la temperatura ideal para derretir el chocolate cobertura?";"El baño María donde se coloca el recipiente con el chocolate cobertura nunca debe llegar a hervir y la temperatura del chocolate no debe superar los 46°C, para el negro, y los 43°C, para el blanco o con leche."
222;"¿Cómo picar o cortar la fruta abrillantada?";"Para picar la fruta abrillantada o las frutas disecadas como damascos y duraznos (orejones) emplee una tijera de cocina o cuchillo previamente mojados para evitar que el azúcar no se adhiera."
224;"¿Es conveniente consumir recién hechas las tortas con frutas secas y abrillantadas ?";"Las tortas de frutas secas y abrillandas tienen mejor sabor si se conservan herméticamente envueltas por varios meses antes de consumirlas."
225;"¿Qué significa en repostería aceite neutro?";"Cuando, en una receta, se indica aceite neutro significa que se debe utilizar aceites que no tengan sabores fuertes, por lo tanto el de oliva y el de uva deben descartarse."
226;"¿Cómo aumentar la cantidad de manteca?";"Una solución simple cuando no se tiene cantidad suficiente de manteca para la elaboración de una receta es incorporarle igual cantidad de leche y batir bien hasta que quede todo bien integrado. El volumen se duplicará."
227;"¿Cómo saber cuando un melón está a punto?";"A la hora de elegir un melón juzgue su madurez por su peso, por la impresión de flexibilidad en sus extremos y por su perfume. Si lo deja a temperatura ambiente se conserva algunos días, mientras que en la heladera es posible conservarlo hasta dos semanas."
228;"¿Cómo se pueden utilizar las semillas de girasol?";"Las semillas de girasol tostadas otorgan un toque distinto a la ensalada de hojas verdes"
229;"¿Se pueden guardar las papas peladas?";"Por supuesto. Si le sobraron papas peladas puede conservarlas en la heladera. Para eso, primero lávelas, luego séquelas con un repasador y póngalas dentro de una bolsa de polietileno húmeda y perforada, para que el frío las conserve blancas."
230;"¿Cómo obtener papas fritas más sabrosas?";"Para que las papas fritas queden bien doradas y crocantes déjelas, una vez cortadas, durante diez minutos sumergidas en un bol con agua y una cucharada de sal gruesa. Luego escúrralas, séquelas bien con un repasador limpio y fríalas enseguida."
231;"Hay que esperan que se enfríen los ingredientes de una ensalada para condimentarla?";"Las ensaladas con ingredientes cocidos, como las papas,remolachas, etc., se aderezan cuando aún están calientes, pues se impregnan mejor."
232;"¿Cuándo se deben añadir el eneldo, la albahaca o la menta a una preparación?";"El sabor del eneldo, la albahaca y la menta disminuye cuando son sometidas al calor, por lo tanto es preferible añadirlas al final de la cocción."
233;"¿Cuánto demora la cocción de un pato?";"¿Cuánto demora la cocción de un pato? 
Para saberlo, calcule treinta minutos de horno por cada 450 gramos de carne, a fuego medio."
234;"¿Cómo se distinguen las cebollas frescas?";"Las cebollas, cuando son frescas, tiene forma regular y la cáscara adherida."
235;"¿Qué hacer para que las manzanas horneadas no se desarmen?";"Para que las manzanas asadas no se desarmen durante la cocción, antes de hornearlas se les hace una incisión, sólo en la piel, que cubra el contorno."
236;"¿Cómo se condimenta correctamente el pollo?";"Para condimentar un pollo se recomienda colocar las hierbas aromáticas, rodajas de limón o la salsa que se decida emplear, entre la piel y la carne del ave."
237;"¿Cómo hay que conservar las frutas secas?";"Para mantener la calidad de las frutas secas es necesario incorporar un trozo de cáscara fresca de naranja o de limón al tarro en el que se guardan. De este modo se conservarán con la humedad justa, dado que la cáscara absorbe el exceso de aire que podría resecarlas."
239;"¿Cómo se conservan las paltas?";"Lo ideal es no dejar remanente, pero en caso de que necesite guardar media palta hágalo con su carozo y pinte su superficie con aceite o manteca. Esto hará que no se deteriore tan rápidamente."
240;"¿Cómo se conservan los limones?";"Los limones se conservan un mes en la heladera, guardados en un recipiente cerrado con agua en su interior."
241;"¿Cómo debe conservarse el cacao?";"El cacao debe conservarse en un recipiente herméticamente cerrado, pues absorbe fácilmente la humedad."
243;"¿ Porqué la canela es una especia muy utilizada en repostrería?";"La canela se utiliza como preservante, pues previene que las sustancias grasas se vuelvan rancias."
245;"¿Qué se puede hacer cuando se corta la crema chantilly?";"Para recuperar la crema chantilly que se ha cortado hay que añadirle un poco de agua y continuar batiendo hasta que quede dura y aprovechable nuevamente. También se le puede espolvorear una cuchara sopera al ras de fécula de maíz y revolver enérgicamente."
246;"¿Cómo conservar la fruta seca, ya pelada?";"Los frutos secos pelados se conservan refrigerados hasta 6 meses y congelados hasta 1 año."
247;"¿Cuándo se usa el vermuth en repostería?";"El vermuth es un excelente sustituto del ron o el coñac cuando se trata de darle un toque de alcohol a una torta o tarta dulce."
248;"¿Cuál es la bebida apropiada para acompañar un plato de pescado?";"El vino blanco bien frío es la bebida ideal para acompañar un plato de pescado."
249;"¿Qué hay que tener en cuenta cuando se van a utilizar endibias?";"Las endibias nunca se deben remojar ni lavar, sino que se enjuagan levemente, pues sino se tornan amargas."
250;"¿Qué hierba es apropiada para el salmón?";"El eneldo es una hierba ideal para saborizar el salmón."
251;"¿Puede aprovecharse la cabeza del pescado fresco?";"Claro. Si no va a hornear los pescados enteros, use sus cabezas para hacer exquisitas sopas."
252;"¿Qué conviene saber para cocinar pavo o pechuga de pollo?";"El pavo y la pechuga de pollo horneados o asados resultan más jugosos y sabrosos si se pincelan con pesto antes de la cocción."
253;"¿Cómo se pueden utilizar las cebollas rojas?";"Las cebollas rojas son excelentes para ensaladas, pues tienen una textura más crujiente y sabor más suave que las otras variedades."
254;"¿Sólo se utilizan para flambear bebidas de alto contenido alcohólico?";"Es posible utilizar, también, bebidas de bajo contenido alcohólico, como la cerveza y el vino, siempre que la preparación que se va ha flambear esté a temperatura muy alta."
255;"¿Cómo retirar el cabito de la frutilla /fresa sin dañarla?";"Para no dañar las frutillas, los cabitos se retiran con una pinza de depilar."
256;"¿Qué hay que tener en cuenta cuando se maceran frutillas/fresas?";"Las frutillas/fresas se maceran enteras y se cortan después de terminado ese proceso, si la receta."
257;"¿Cuál es la mejor forma de cocinar el pato?";"El pato se cocina mejor al horno, pues reduce la grasa."
258;"¿Es posible recuperar una mermelada enmohecida?";"Por supuesto. Si la mermelada se ha enmohecido en su superficie se la puede volver a utilizar sin problemas. Para eso hay que quitarle cuidadosamente el moho con una cuchara y ponerla a hervir de nuevo, añadiéndole un poco más azúcar y espumándola."
259;"¿Cómo se distingue entre una levadura fresca y otra que no lo es?";"Una levadura está en buen estado cuando tiene un color gris tiza. Esto habla de su frescura. Para conservarla por más tiempo y evitar que se humedezca, guárdela dentro de un frasco opaco, tapado herméticamente en la heladera."
260;"¿Para que sirven las cáscaras de papa?";"Las cáscaras de papa secas son excelentes para encender fuego."
261;"¿A qué temperatura deben estar los quesos para ser consumidos?";"Para apreciar plenamente el sabor los quesos, para ser consumidos, deben estar a temperatura."
262;"¿Cómo mejorar una salsa aceitosa?";"Para mejorar una salsa aceitosa, basta añadirle unas gotitas de agua."
263;"¿Qué hacer si el puré de papas quedó muy salado?";"Si saló exageradamente el puré de papas, corríjalo agregándole un poco de azúcar."
264;"¿Cómo dorar cebollas en segundos?";"Las cebollas se doran más rápido si a la fritura se le agrega una pizca de pimentón dulce."
265;"¿Cómo desmoldar las gelatinas?";"Para que desmoldar gelatinas sea una tarea exitosa presione primero los bordes del molde con los dedos y luego páselo por agua caliente. Desmolde inmediatamente sobre un plato o fuente previamente mojada y escurrida."
266;"¿Cuál es el mejor chocolate para repostería?";"El chocolate ideal para repostería debe ser amargo y no contener menos del 50 por ciento de cacao. Los mejores suelen contener un 70 por ciento y aún más."
268;"¿Cómo utilizar los pétalos de rosa?";"Los pétalos de rosa son ideales para decorar platos principales, o postres, por ej. los flanes o las natillas se adornan con pétalos de rosa remojados en leche."
269;"¿Las endibias se pueden cocer?";"Las endibias son muy sabrosas asadas en la parrilla, rociadas con limón y salpimentadas."
270;"¿Qué hay que saber para cocinar bien las legumbres?";"Al cocinar legumbres es muy importante que mantenga la olla tapada, para que no salga el vapor y los granos se vayan cocinando en su propia humedad, sin requerir mucha agua."
271;"¿Cómo dar vuelta una tortilla con éxito?";"Para que las tortillas u omelettes no se peguen y puedan fácilmente darse vuelta es imprescindible no lavar nunca la sartén. Para mantenerla limpia, pásele un papel absorbente cuando aún esté caliente, para quitarle los restos de preparación, a menos que sea una sartén con algún revestimiento especial que requiera otro cuidado."
272;"¿Cómo obtener tortillas perfectas?";"Para que las tortillas y omelettes se doren bien pero a la vez resulten tiernas en su interior conviene cocinarlas a fuego fuerte."
273;"¿Qué hay que hacer para evitar que las claras a nieve pierdan volumen?";"Cuando la preparación lleva claras batidas a nieve lo mejor es agregarlas de a poco e ir mezclando suavemente con espátula, de forma envolvente. Así mantienen su volumen y le dan ligereza a la preparacion principal."
274;"¿Cómo hacer para que la olla no se ponga negra cuando se hierven papas?";"Para que la olla no se oscurezca durante la cocción de las papas, ponga en el agua un chorrito de aceite o unas hojas de coliflor."
275;"¿Cómo obtener ñoquis más livianos?";"Para que la masa de los ñoquis resulte liviana y no absorba mucha harina, hierva las papas con poca cantidad de agua, de modo que apenas queden cubiertas. El puré debe resultar seco."
276;"¿Cuál es el secreto de unos buenos ñoquis?";"La clave para que la salsa se impregne bien a los ñoquis consiste en tomar cada ñoqui y presionarlo contra los dientes de un tenedor grande, dejándolo luego caer sobre una tabla con un poco de harina. El acanalado que queda impreso en la pasta ayudará a compactarla y hará que la salsa se adhiera mejor."
278;"¿Las omelettes pueden hacerse en cualquier sartén?";"No. Lo ideal al momento de preparar tortillas u omelettes es contar con una sartén de fondo liso que sólo se utilice para ese fin."
279;"¿Cómo se puede disminuir la cantidad de huevos que lleva una tortilla, omellette o relleno?";"Para disminuir la cantidad de huevos de una tortilla o relleno cada huevo omitido se reemplaza por una cucharada de agua y una cucharadita de harina ligeramente batidas."
280;"¿Cómo dar un toque diferente a las carnes rebozadas?";"La carne o pescado rebozado en pan rallado tiene un gusto especial si se mezcla previamente con queso rallado, especias o hierbas."
281;"¿El aceite de fritura puede volverse a usar?";"Sí, siempre y cuando no se haya quemado y se tome la precaución de colarlo para quitarle impurezas y restos. Al aceite de la fritura de pescados, en cambio, conviene desecharlo porque queda impregnado de sabor y olor."
282;"¿Cómo aumentar el volumen de un relleno con carne picada?";"Los rellenos con carne picada crecen en cantidad si se les agrega una papa cocida rallada o hecha puré por cada 300 gramos de relleno."
283;"¿Cómo se hacen las bananas a la parrilla?";"Las bananas se asan a la parrilla con cáscara, girándolas, en unos 6 a 8 min.."
284;"¿Cómo obtener rápidamente crema chantilly?";"Para hacer más rápido la crema chantilly se recomienda batirla en un bol que se ha colocado dentro de otro, cubierto con cubitos de hielo."
285;"¿Cómo hacer para que las aceitunas negras brillen más?";"Lo ideal para que las aceitunas negras luzcan bien brillantes es pasarlas levemente por aceite."
286;"¿Cuál es la forma ideal de guardar el chocolate?";"El chocolate se debe guardar bien envuelto, refrigerado a unos 15° C."
287;"¿Cómo lograr una charlotte más espesa?";"Para lograr una charlotte más espesa disuelva en la leche o agua 1 cucharadita de fécula de maíz."
288;"¿Es posible sustituir el chocolate en la salsa de chocolate?";"Es posible reemplazar el chocolate de taza, como ingrediente en la salsa de chocolate, por 80 g. de cacao y 100 g. de azúcar, cada 100 g. de chocolate."
289;"¿Cómo se desfleman las cebollas?";"Para desflemar cebollas hay que cortarlas en rebanadas finas, pasarlas por agua hirviendo y luego por fría."
290;"¿Qué hay que tener en cuenta cuando se va a servir vino tinto?";"Es aconsejable abrir las botellas de vino tinto de 1/2 a 1 h. antes de servirlos."
291;"¿Cuál es la temperatura ideal para cocinar merengue?";"Lo mejor para que los merengues no fracasen es cocinarlos a horno moderado a bajo."
292;"¿Cómo lograr merengues más crocantes?";"Si quiere que los merengues se agrieten y resulten más crocantes, espolvoréelos con azúcar antes de llevarlos al horno. De lo contrario resultarán lisos."
293;"¿Cuánto tiempo se conserva el caldo de pollo?";"El caldo de pollo se conserva refrigerado, en recipiente tapado, hasta 3 días y congelado hasta 6 meses."
294;"¿ Existen marinadas para carnes en seco?";"La mezcla de canela, la pimienta, el jengibre y el clavo de olor, molidos, resultan excelente para marinar, en seco, carnes."
295;"¿Cómo se logra que las salsas de tomate resulten espesas?";"Para obtener salsas de tomate espesas sólo debe emplearse la pulpa de esa verdura"
296;"¿Cuál es la equivalencia para reemplazar tomates en conserva por frescos?";"Un kilo de tomates frescos equivale a 852 grs. de tomates enteros en conserva."
297;"¿En qué momento agregar la carne en caldos y pucheros?";"Si se quiere obtener un excelente caldo de carne, ésta debe colocarse en agua fría. Si lo que pretende es hacer un buen puchero, es preferible añadir la carne cuando el agua ya esté hirviendo."
298;"¿Como hacer para que la pasta al dente no se pase?";"Una vez que la pasta está cocida, antes de escurrirla, es aconsejable verter un chorro de agua fría, para que no se pase."
299;"¿Cómo se obtiene el hielo triturado?";"Coloque los cubitos de hielo dentro de un paño limpio, luego ciérrelo bien y golpéelos con un palo de amasar. Abra el paño y utilice el hielo triturado."
301;"¿Cuál es la mejor variedad de cebolla, para freír?";"Por su bajo contenido de líquido las cebollas rojas son especiales para hacerlas fritas, pues quedan crocantes."
302;"¿Se puede conservar el arroz cocido?";"El arroz cocido se conserva en la heladera hasta 4 días en un recipiente herméticamente tapado"
303;"¿Cómo se escarcha un vaso o copa?";"Se humedecen los bordes con agua o jugo de frutas y se sumerje en azúcar molida."
304;"¿Cuál es la mejor grasa/manteca?";"La mejor grasa/manteca es la elaborada con el tejido adiposo que rodea los riñones vacunos o porcinos."
305;"¿Qué cantidad de aceite usar para freir el pescado?";"Conviene utilizar poco aceite. Esta precaución, sumada a la de cuidar que el fuego sea mediano, garantizarán que el pescado se cocine bien por dentro y no quede grasoso."
306;"¿Qué calamares elegir?";"A la hora de comprar calamares recuerde que los más pequeños son los mejores y los más tiernos."
307;"¿Qué hay que saber cuando se cortan tiras de calamar?";"Para hacer tiras de calamar hay que cortarlo en forma transversal, para que no se arrollen."
308;"¿Cómo se preparan correctamente las berenjenas?";"Antes de utilizar las berenjenas se recomienda colocarles sal gruesa y ponerlas en un colador con un peso encima (un plato por ejemplo) para que drenen líquido. Luego se las debe lavar y secar con un trapo, así se les quita su sabor amargo. Recuerde que las berenjenas crudas son muy indigestas."
309;"¿Qué hacer para que el repollo sea más digestivo?";"Para que el repollo crudo no le haga mal y pueda digerirlo fácilmente, antes de cortarlo, déjelo en agua fría con sal durante media hora."
310;"¿Se puede congelar el repollo?";"Sólo una vez cocido, nunca crudo."
311;"¿Cómo incorporar claras batidas a nieve a otra preparación?";"Siempre hay que incorporar las claras batidas a nieve al ingrediente o preparación más pesada, para que no se pierda la consistencia espumosa."
312;"¿Cómo moldear el arroz sin que se desmorone?";"Para hacer timbales o moldes de arroz, humedecer apenas el molde y colocar dentro el arroz bien cocido, caliente. Presionar con el revés de una cuchara y desmoldar. Quedarán perfectos."
313;"¿Que se hace cuando el arroz queda sin líquido durante la cocción?";"Si el arroz se seca completamente y no está cocido, hay que agregarle agua caliente y remover los granos, con un tenedor, para que se suelten."
314;"¿Cuál es la mejor variedad de banana/plátano/guineo?";"Las que, si se les pasa la mano, están firmes y lucen un buen color amarillo, eventualmente veteadas de marrón. Se conservan a temperatura ambiente y pueden asarse o freirse. Cocidas son más digestivas."
315;"¿Cómo se disuelve la gelatina?";"Para disolver la gelatina, siempre hay que agregar ésta al líquido y nunca al revés."
316;"¿Qué hay que tener en cuenta cuando se van a utilizar mejillones?";"Se deben descartar los mejillones que están abiertos antes de someterlos a cocción y después de ésta, los que permanecen cerrados, pues en ambos casos no son aptos para el consumo"
317;"¿Se le puede quitar el olor a humedad a la harina?";"Claro. Para sacarle ese desagradable olor esparza la harina en una fuente y séquela a horno abierto, a temperatura baja, revolviendo siempre para evitar que se dore. Déjala enfriar y guárdela en un recipiente herméticamente cerrado."
318;"¿Se deben revolver los fideos durante la cocción?";"Los fideos no deben revolverse durante la cocción porque sino se pegan entre sí."
319;"Cuál es el momento apropiado para agregar sal al agua de cocción de las pastas?";"La sal se añade, al agua de cocción, conjuntamente con las pastas."
320;"¿Cómo se utilizan los fideos de arroz?";"Los fideos de arroz se utilizan fritos o se agregan a salsas, remojados previamente en agua tibia."
321;"¿Cómo saber la pureza del aceite?";"Para saber la pureza de aceite hay que verter dos cucharadas en un vaso y añadir dos gotas de agua oxigenada. Si el aceite es de oliva puro se torna de color verde, si es de semilla, rosa y si es de maní/cacahuete, grisáceo."
322;"¿Cómo se calcula la cocción del pollo?";"Por cada 450 gramos de pollo deberá estimarse su cocción al horno durante unos veinte minutos, a fuego medio/alto, y calcular un plus de 20 minutos más, por el total de la carne."
323;"¿Cómo se puede agilizar la cocción de las remolachas?";"Lo más práctico para cocinar rápidamente las remolachas es agregarle al agua de su cocción una pizca de azúcar."
324;"¿Cómo hacer que las remolachas mantengan intacto su color?";"Para que las remolachas no pierdan su color al cocinarse es importante no pelarlas ni pincharlas durante su cocción. También conviene dejarles un pedazo de su tallo y sólo desecharlo una vez cocidas."
325;"¿Qué repollo elegir?";"Tome dos repollos del mismo tamaño, coloque uno en cada mano, y quédese con el más pesado."
326;"¿Cómo se comprueba la frescura de las chauchas?";"Para comprobar si las chauchas o judías están frescas, dóblelas por la mitad. Si se parten es sinónimo de frescura, si no significa que se cosecharon demasiado tarde o estuvieron almacenadas durante mucho tiempo."
327;"¿Cuál es el poder endulzante de la miel?";"La miel tiene más poder endulzante que el azúcar, por lo cual se debe utilizar en cantidades menores que ésta."
328;"¿Con lograr cebollas rehogadas más gustosas?";"Para que las cebollas tengan mejor sabor, rehóguelas en manteca y unas gotas de vermut. Quedarán mucho más sabrosas."
329;"¿Qué hay que saber al momento de hervir verduras de hoja?";"Todas las verduras de hojas rinden más si se las cocina sólo con el agua que ha quedado en sus hojas luego de lavarlas, en una olla tapada sobre el fuego medio y por no más de seis o siete minutos. Una vez cocidas, escúrralas enseguida."
330;"¿Qué condimentos resaltan el sabor de las ensaladas verdes?";"Las ensaladas verdes logran un mejor sabor cuando al aliño se le agrega una cucharadita de orégano y uno o dos dientes de ajo picado. Esta preparación deberá mezclarse bien antes de ser añadida a la ensalada."
331;"¿Cómo hacer jugo de ajos?";"Para extraer el zumo de los ajos se los coloca, sin pelar, en un prensajos y se presiona hasta que caigan gotas"
332;"¿Qué hay que saber cuando se va a utilizar alcaparras conservadas en sal?";"Las alcaparras saladas se deben enjuagar antes de utilizar."
333;"¿Cómo se utiliza la escarola?";"La escarola se utiliza cruda o cocida."
334;"¿Por qué el bicarbonato de sodio es un ingrediente del dulce de leche?";"Cuando se prepara dulce de leche elbicarbonato de sodio evita que la leche se corte al hervir y, además le da mejor sabor."
335;"¿Cómo lograr un dulce de leche tentador?";"Para que el dulce de leche mejore su color y sea irresistible hay que añadirle apenas un poquito de bicarbonato, ya que el exceso lo oscurece y le hace perder encanto."
336;"¿Cómo obtener carnes bien gustosas?";"Para que una vez cocidas las carnes rojas no tengan gusto y aspecto de hervidas hay que descongelarlas antes de iniciar la cocción. De esta forma el resultado será óptimo."
337;"¿Cómo impedir que las papas peladas se oxiden?";"Si necesita reservar papas peladas porque las utilizará horas más tarde, colóquelas en un recipiente con agua y dentro de la heladera. Así evitará que se ennegrezcan por el contacto con el aire."
338;"¿Cómo hacer para retirar fácilmente la piel a los pimientos/morrones?";"Para retirar fácilmente la piel a los pimientos, una vez que se retiran del horno o del microondas colóquelos en una bolsa de plástico, cerrándola y, cuando se enfrían, se puede quitar la piel fácilmente."
339;"¿Cómo dorar cebolla rápidamente?";"La forma más rápida de dorar cebolla es agregarle pimentón dulce en la fritura."
340;"¿Cuál es la clave para amasar con levadura?";"El mejor aliado de las preparaciones con levadura es el agua de lluvia. Si la utiliza tibia logrará que sus masas crezcan extraordinariamente."
341;"¿Cómo asar morrones de una forma rápida?";"Si quiere asar morrones sin demoras, pínchelos con un tenedor de mango largo, póngalos sobre la llama del gas y déles la vuelta lentamente hasta que la piel quede chamuscada."
342;"¿Cómo lograr frituras livianas?";"Para que los churros, croquetas y buñuelos absorban menos aceite y queden más livianos hay que agregarle a la masa un poco de vinagre."
343;"¿Qué hay que saber al momento de hervir cebollas?";"Es importante tener en cuenta que las cebollas enteras pierden sus propiedades nutritivas cuando se las hierve peladas."
344;"Se puede congelar el repollo?";"Sólo una vez cocido, nunca crudo"
345;"¿Qué es el glutamato de sodio?";"El glutamato de sodio es una sal vegetal que se utiliza como condimento pues resalta los aromas y sabores de otros ingredientes."
346;"¿Cómo hacer omelettes más livianas?";"Lo más práctico para que las tortillas y omelettes no resulten aceitosas es cocerlas con poca manteca o aceite. Para eso, controle que el piso de la sartén tenga una película fina de materia grasa."
348;"Cómo se hacen las bananas a la parrilla?";"Las bananas se asan a la parrilla con cáscara, girándolas, en unos 6 a 8 min.."
349;"¿La canela se utiliza sólo en preparaciones dulce?";"La canela, además de ser ideal para sazonar cremas, flanes, natillas es apropiada para platos de carne de cordero, pato y caza."
350;"¿Qué elementos y utensilios son aptos para microondas?";"Los elementos auxiliares que pueden ser introducidos en el microondas son el papel absorbente o tissue, las servilletas de papel, el papel film adherente, las bolsas de cocción al horno o de freezer, los palillos o brochette de madera, el papel manteca, el hilo de algodón, y las cucharas o vajilla de madera."
351;"¿Cómo evitar que la mezcla se rebalse en la cocción?";"Lo más práctico para impedir que la preparación de tortas y bizcochos se derrame durante su cocción es llenar el molde un dedo menos de su borde."
352;"¿Cómo recuperar zanahorias que se han deshidratado?";"Si las zanahorias guardadas en la heladera lucen arrugadas por fuera pero firmes por dentro es porque se han deshidratado. En ese caso, córteles la unión con el tallo al ras y déjelas un rato sumergidas en agua fría para que se rehidraten."
353;"¿Cómo acentuar el dorado de las carnes?";"Si desea que la carne tenga un dorado más intenso cocínela en el microondas y termine su cocción en el grill de la cocina convencional."
354;"¿Cómo cortar fácilmente la piña/ ananá?";"Lo más práctico es cortar primero la fruta en rodajas y quitarle luego la cáscara de que las bordea."
355;"¿Cómo adaptar los tiempos de cocción tradicionales al microondas?";"Lo recomendable es reducir los tiempos de cocción tradicionales a la cuarta o mitad de tiempo, de acuerdo con las características de cada ingrediente. En términos generales, un kilo de comida requiere 18 minutos de cocción en microondas."
356;"¿A que temperatura deben estar los huevos para hervirlos?";"Los huevos deben estar unos 30 min. a temperatura ambiente, pues el agua caliente los cuartea."
357;"¿Cómo hacer para que la pasta al dente no se pase?";"Una vez que la pasta está cocida, antes de escurrirla, es aconsejable verter un chorro de agua fría, para que no se pase."
358;"¿Qué hacer para que no se pudra una cebolla abierta?";"Si va a utilizar sólo media cebolla, reserve la mitad que tiene la raíz, pues es la que no se deteriora tan rápido. Así evitará que la parte sin usar deba descartarse enseguida."
359;"¿Existen diferencias nutricionales entre los diferentes colores de morrones?";"Los morrones o pimientos rojos contienen el doble de vitaminas A y C que los verdes."
360;"¿Qué remolachas elegir?";"Al momento de comprar, opte por las remolachas que tengan sus hojas frescas y tiernas, para aprovecharlas también en las preparaciones."
361;"¿Cómo seleccionar buenos limones?";"El limón es de buena calidad cuando la piel es lisa, brillante y tiene poros pequeños. Además, debe ser pesado en relación a su tamaño, pues sino no será jugoso."
362;"¿En qué momento se adoba el cordero?";"A la hora de adobar cordero que luego será asado, lo mejor es untar bien la carne del animal con el adobo y dejarla descansar toda una noche (o, al menos, un par de horas) en la heladera antes de comenzar su cocción."
363;"¿Resulta indistinto lavar o cortar las verduras primero?";"Las verduras se lavan primero y luego se cortan, para que no pierdan nutrientes."
364;"¿Qué hay que saber para cocinar bien los garbanzos?";"Todas las legumbres se ponen a cocer con el agua fría, menos los garbanzos, que deben ponerse con agua caliente. Una vez que empieza la cocción no es recomendable añadirles agua fría u otros elementos que enfríen la cocción, porque quedarán crudos."
365;"¿Cómo elegir la espinaca?";"Las plantas de hojas pequeñas, de color verde oscuro, firmes y que no comenzaron a florecer son las más sabrosas. Recuérdelo al momento de seleccionarlas."
366;"¿Conviene salar los alimentos que se cocinan en el microondas?";"No. Se desaconseja salar previamente las carnes, aves y vegetales que se cocinarán en microondas, porque ésta los endurece. Los platos ya elaborados y cocidos, en cambio, pueden ser sazonados antes de ser calentados allí."
367;"¿Cómo hacer para que el tofu dure más tiempo en la heladera?";"Coloque los trozos de tofu en un recipiente hondo y cúbralos totalmente con agua fría. Tape el recipiente y guárdelo cambiando el agua todos los días."
368;"¿Cuál es el vino ideal para perfumar caldos?";"¿Cuál es el vino ideal para perfumar caldos?Para perfumar un caldo o consomé a base de vino debe usarse uno bueno, de preferencia jerez, y echarlo antes de servir la sopa, para que no pierda el aroma."
369;"¿Cómo lograr que el ajo sea digerible?";"Para que el ajo sea digerible se debe retirar antes de utilizarlo, el brote verde interior."
370;"¿Cómo conservar frambuesas?";"Las frambuesas se conservan, en su propio almíbar, congeladas por 6 meses y refirgeradas 4 días, para prepararlas hay que colocarlas con azúcar,la mitad de su peso, y un poco de limón."
371;"¿Cómo hacer salsa de frambuesa rápidamente?";"Para lograr una tentadora salsa de frambuesa hay que diluir medio frasco de mermelada de esta fruta en 1/3 de taza de agua mineral y calentar la preparación a fuego medio/alto, mezclando, unos 4 min. Luego, colar y servir fría."
372;"¿Cómo quitarse la resaca?";"Tome un limón fresco y córtelo en rodajas y si tuviera un limonero cerca tome también algunas hojas. En una cacerola pequeña con 2 tazas de agua lleve la preparación al fuego y déjela hervir durante 10 minutos. Luego tómela tibia."
373;"¿Cuál es el tamaño de copa más apropiado para el vino?";"La copa ideal para servir vino es la de agua, en una copa de tamaño más grande su aroma se dispersará rápidamente."
374;"¿Cómo realzar el color de la remolacha?";"Si quiere acentuar el tono rojo de la remolacha vierta en el agua de su cocción dos o tres cucharadas soperas de vinagre. Con este mismo propósito, déjele dos o tres centímetros de su tallo, para que no pierda pigmentación."
375;"¿Cómo manipular correctamente el pescado fresco?";"Para poder manipular un pescado resbaladizo, que es un rasgo de frescura y no de mala calidad, enjuáguelo bien con agua caliente o con agua y vinagre antes de quitarle las escamas. Así, podrá ""dominarlo"" sin inconvenientes"
376;"¿Cómo se cocinan los caracoles?";"A los buccinos o caracoles de mar conviene cocinarlos enteros, porque la carne es difícil de extraer cuando todavía están vivos. Para esto, hierva brevemente un caldo y eche en él a los buccinos, cocinándolos hasta que la masa esté compacta pero tierna. Luego retire la carne con un tenedor y límpielos si les quedó algo de arena."
377;"¿Para que sirven las cáscaras y valvas de los mariscos?";"Las cáscaras y valvas de los mariscos son excelentes para saborizar caldos"
378;"¿En qué momento es conveniente picar el perejil?";"El perejil se debe picar en el momento de utlizar, porque es muy rico en vitamina C, que se pierde con el contacto con el aire, por esa razón tampoco es aconsejable congelarlo"
379;"¿Qué hay que tener en cuenta cuando se cuecen choclos?";"Los choclos deben someterse a un tiempo de cocción corto pues sino pierden jugo, se secan y tornan duros."
380;"¿Cómo lograr que el coco fresco no se oscurezca después de rallado?";"Para que el coco fresco rallado no se oscurezca hay que espolvorealo con azúcar antes de rallarlo."
381;"¿Cuál es la mejor forma de hervir hortalizas?";"Las hortalizas de raíz se cocinan en agua fría, las verdes en agua hirviendo."
382;"¿Cómo sacar la piel a las almendras?";"Para retirar la piel, tome un puñado de almendras y póngalas en la mano, cierre la palma y muévala, para que la palma frote las almendras constantemente. De este modo utilizando la fricción entre las pieles de las almendras, se irán pelando solas."
383;"¿Cómo debe conservarse la manteca?";"Para que la manteca no tome olor debe guardarse, refrigerada, bien envuelta o en recipiente hermético."
384;"¿Cómo se puede acelerar es proceso de maduración de la palta?";"Para acelerar la maduración de la palta hay que cubrirla totalmente en abundante harina común durante un día."
385;"¿Qué hay que hacer para que las frutillas/fresas queden siempre firmes?";"Para que las frutillas/fresas no queden acuosas y mantengan su firmeza original es importante enjuagarlas rápidamente con el rabito y sólo quitarlo después de este paso."
386;"¿Cómo sustituir el azúcar impalpable/glas/lustre?";"Si no se tiene azúcar impalpable es posible reemplazarlo colocando una taza de azúcar común en la licuadora y procesarlo por unos segundos o minutos, según la potencia de la máquina. Para evitar que este azúcar se humedezca se recomienda guardarlo en un frasco cerrado."
387;"¿Es posible recuperar la crema inglesa que se ha cortado?";"Sí. Aunque se haya cortado, es posible reaprovechar esta riquísima crema sacudiéndola enérgicamente hasta que quede lisa."
388;"¿Cómo saber cuándo está a punto la pera?";"Las peras de buena calidad tienen la piel firme, pero no dura. Si la piel es dura al tacto esto significa que la fruta fue cosechada antes de tiempo y que se pasará muy rápido, volviéndose arenosa y sin sabor. Por eso, conviene comerlas peladas. Recuerde el consejo popular: ""Pela la pera a tu amigo y la manzana a tu enemigo""."
389;"¿Cómo se prepara el caramelo para flanes?";"Para acaramelar bien la flanera coloque en el molde dos cucharadas de azúcar apenas humedecidas con agua. Lleve el recipiente al fuego hasta que el azúcar se derrita y tome color dorado, con cuidado de que no se queme. Deje enfriar antes de verter la preparación."
390;"¿Con qué se puede reemplazar el espárrago?";"Si no cuenta con espárragos disponibles, la parte blanca del puerro es un excelente sustituto de ese ingrediente. Recuérdelo al momento de hacer tartas, puré de verduras u omelettes."
391;"¿Qué hacer para que los espárragos resulten tiernos?";"La solución es sencilla: retire las fibras exteriores que recorren sus tallos con un pelapapas o un cuchillo filoso. Déjelos media hora en agua para que se hidraten, y luego acomódelos en una olla con agua, un poco de sal, una cucharada de jugo de limón y una de manteca o aceite. Hierva hasta que estén tiernos y sabrosos."
392;"¿Cómo acelerar el proceso de descongelamiento de la carne?";"La carne se descongela más rápidamente pasándola previamente por agua con vinagre."
393;"¿Cómo preparar la pera?";"La pera es una fruta muy versátil, se come cruda, cocida, deshidratada o confitada, es excelente en ensaladas mixtas y acompañando quesos."
394;"¿Cómo lograr que las empanadas horneadas no queden secas?";"Las empanadas no resultan secas si se precalienta el horno y se cocinan 15 min. en horno a temperatura bien caliente."
395;"¿Cómo lograr rellenos bien sabrosos?";"Para que el relleno de las empanadas que lleva carne quede más rico conviene hacerlo un día antes y conservarlo en la heladera hasta el momento de usar."
396;"¿Cuáles son las formas de cocción de la cocina naturista?";"Las formas de cocción preferidas por el naturismo son ""al dente"", ""al vapor"" y ""a la brasa"", pues son las que más preservan el estado original de los alimentos."
397;"¿Qué hay que saber para amasar con levadura?";"Para que estas masas leven bien no es necesario emplear demasiada levadura. Es más importante, en cambio, trabajar en un ambiente cálido, sin corrientes de aire."
398;"¿Cómo se deben guardar las hierbas y especias?";"Las hierbas secas y las especiasse deben guardare n lugares oscuros, secos y frescos pues se deterioran por acción del calor, la luz y la humedad."
399;"¿Cómo impedir la fermentación de las mermeladas?";"Lo más adecuado para evitar el proceso de fermentación es añadirles un gramo de ácido salicílico disuelto en un poco de agua. La proporción es válida por cada kilo de fruta empleada en la elaboración del dulce."
400;"¿Existen diferencias entre los tipos de aceitunas?";"Las aceitunas verdes contienen más grasas y calorías que las negras."
401;"¿Pará qué sirve la tinta de calamar?";"Es muy común utilizarla para dar sabor y color a la pasta y el arroz, para cocer los calamares en su propia tinta y hacer salsas o masa negra de pastas con o sin relleno. Es posible, aunque complicado, extraerla caseramente. También se la puede adquirir envasada en la pescadería."
402;"¿A qué temperatura deben estar los huevos para preparar una torta?";"Para que una torta quede esponjosa los huevos deben estar a temperatura ambiente, pues al batirlos levantan más volúmen"
403;"¿Cómo evitar el mal olor del coliflor mientras se cocina?";"Para que el coliflor no de olor se recomienda agregarle, al cocinarlo, un pedacito de pan, un poco de leche o un gajo de limón."
404;"¿Cómo obtener carnes bien doradas?";"Para lograr un dorado parejo, es conveniente dejar siempre un poco de grasa en ambos lados de la superficie de la carne, o pincelarlas con un poco aceite."
405;"¿Cómo se preparan las carnes que se cocinarán en microondas?";"Antes de iniciar la cocción se recomienda secar bien los trozos de carne con un papel absorbente, para retirarles toda la humedad que puedan contener. De otro modo, tomarán un aspecto deslucido y parecerán hervidas."
406;"¿Cómo se hacen correctamente los cortes en diagonal a la masa con levadura?";"Los cortes en diagonal se realizan con un cuchillo de buen filo, con mucha suavidad para no deformar la masa. Puede también emplearse hojas de afeitar, tijeras o cutters."
407;"¿Qué hay que saber antes de guardar un matambre relleno en el frezeer?";"Si desea congelar el matambre recuerde no colocarle huevo duro, ya que con el efecto del frío los huevos modifican su textura."
408;"¿Cómo hacer huevos revueltos más sabrosos?";"Los huevos revueltos resultan deliciosos si se le añada unas gotas de jerez en el batido."
409;"¿Cómo lograr que el pulpo resulte más tierno?";"El pulpo grande resulta más tierno si se sumerge en agua con limón por 1/2 h. antes de prepararlo."
410;"¿Es posible acortar el tiempo de cocción del pulpo?";"Colocando un corcho limpio en la salsa o líquido de cocción el tiempo de cocción del pulpo disminuye."
411;"¿Cómo retirar fácilmente la pulpa del coco?";"Para retirar la pulpa del coco, fácilmente, hay calientarlo en el horno antes de partirlo."
412;"¿Cómo calcular los huevos para una tortilla?";"Para hacer tortillas se calculan 3 huevos batidos por 2 tazas de otros ingredientes."
413;"¿Cómo se logran huevos fritos perfectos?";"La cocción de los huevos fritos debe ser a fuego lento para que salgan parejos. La llama muy fuerte los arrebata y la muy pequeña no logra dorar sus bordes."
414;"¿A qué temperatura se asan las carnes?";" La cantidad de calor que requieren las carnes para asarse está en relación a su tamaño. Cuanto más chicos son los trozos más caliente se necesita el horno y menos tiempo demora su cocción."
415;"¿Cómo evitar que los filetes de pescado fritos se rompan?";"Si no se los reboza con otra preparación los filetes de pescado se fríen rebozados en harina de trigo, así no se rompen y se doran rápidamente."
416;"¿Cómo evitar que las zanahorias se ablanden?";"Con el paso de los días, las zanahorias suelen ablandarse. Para conservarlas frescas durante más tiempo conviene ponerlas entre dos capas de arena."
417;"¿En qué se diferencian el vaso de whisky y el vaso old fashioned?";"El vaso de whisky y el vaso old fashioned son anchos pero el de whisky tiene entre 300 a 350 grs. de capacidad y el old fashioned entre 260 a 300 grs."
418;"¿Qué hay que saber al momento de cocinar alimentos húmedos?";"Los alimentos con mucha humedad se cocinan mejor y más rápido que los poco húmedos, por lo cual el tiempo de cocción debe ser menor."
419;"¿Cómo evitar la formación de cristales cuando se prepara helado casero, sin contar con una heladora?";"La gelatina sin sabor y las féculas evitan la formación de cristales en los helados, les dan mayor volumen y consistencia cremosa y suave."
420;"¿Cómo hacer que no cristalice el helado?";"1. Para que los helados no se descongelen rápidamente y pierdan su consistencia, hay que colocar en el freezer los platos o copas en los cuáles se van a servir.
2. Para que el helado cremoso, casero, no se cristalice la preparación debe contener una pequeña cantidad de gelatina sin sabor o claras batidas a nieve y una copita de aguardiente, vodka, cognac o grappa.
3. Para que el helado casero de fruta no se cristalice la preparación debe contener 500 grs de fruta y 250 cc de almíbar/jarabe.
4. La crema de leche/nata, leche o quesos blancos mejora la consistencia de los helados."
421;;"1. Para que los helados no se descongelen rápidamente y pierdan su consistencia, hay que colocar en el freezer los platos o copas en los cuáles se van a servir.
2. Para que el helado cremoso, casero, no se cristalice la preparación debe contener una pequeña cantidad de gelatina sin sabor o claras batidas a nieve y una copita de aguardiente, vodka, cognac o grappa.
3. Para que el helado casero de fruta no se cristalice la preparación debe contener 500 grs de fruta y 250 cc de almíbar/jarabe.
4. La crema de leche/nata, leche o quesos blancos mejora la consistencia de los helados."
